{
  "dataset": "CIFAR",
  "method": "forward-estT",
  "repeats": 10,
  "epochs": 80,
  "mean_acc": 0.5679315486301978,
  "std_acc": 0.07064053968565448,
  "mean_val_acc": 0.35773344573875265,
  "std_val_acc": 0.010543180440663389,
  "T_mean": [
    [
      0.37531757056713105,
      0.33634390532970426,
      0.28833853751420974
    ],
    [
      0.3283807009458542,
      0.36282931864261625,
      0.30878997445106504
    ],
    [
      0.3215222001075745,
      0.2988863378763199,
      0.3795914649963379
    ]
  ],
  "time": "2025-10-27 07:00:07",
  "mean_rre": null,
  "std_rre": null
}