{
  "dataset": "FashionMNIST0.3",
  "method": "forward-estT",
  "repeats": 10,
  "epochs": 30,
  "mean_acc": 0.9832356785734495,
  "std_acc": 0.006347792292531052,
  "mean_val_acc": 0.6920797413793103,
  "std_val_acc": 0.004837149932642985,
  "T_mean": [
    [
      0.7283039391040802,
      0.2622309014201164,
      0.009465156635269523
    ],
    [
      0.0014557661837898196,
      0.7110631942749024,
      0.2874810352921486
    ],
    [
      0.2442777305841446,
      0.0028338769858237355,
      0.7528883993625641
    ]
  ],
  "time": "2025-10-27 06:39:07",
  "mean_rre": 0.11306200884282588,
  "std_rre": 0.03688026096982619
}