{
  "dataset": "FashionMNIST0.3",
  "method": "forward-knownT",
  "repeats": 10,
  "epochs": 30,
  "mean_acc": 0.988597472012043,
  "std_acc": 0.0015648504151048492,
  "mean_val_acc": 0.6881196120689654,
  "std_val_acc": 0.00408568981000978,
  "T_mean": null,
  "time": "2025-10-27 06:36:14",
  "mean_rre": null,
  "std_rre": null
}