{
  "dataset": "FashionMNIST0.6",
  "method": "forward-estT",
  "repeats": 10,
  "epochs": 30,
  "mean_acc": 0.9125093020498752,
  "std_acc": 0.04129562910325876,
  "mean_val_acc": 0.38154633620689654,
  "std_val_acc": 0.009010942163452317,
  "T_mean": [
    [
      0.39479864537715914,
      0.30487596392631533,
      0.30032538175582885
    ],
    [
      0.3082510679960251,
      0.3865341693162918,
      0.30521475672721865
    ],
    [
      0.2980471909046173,
      0.278533348441124,
      0.4234194666147232
    ]
  ],
  "time": "2025-10-27 06:47:40",
  "mean_rre": 0.06374512948095798,
  "std_rre": 0.016094558459599853
}